Parameters,Values
GShape,20.16693271833812
Gloc,-12.132674385322815
GScale,0.632229605708288
Glinspace,"[-10, 8, 19]"
LShape,0.643265924801482
Lloc,-0.077876737265823
LScale,4.248945949600912
Llinspace,"[0, 17, 1000]"
